episodeId,category,sequence,camera,relativePath,originalPath,expectedClass,object_inside_container_terminal_only,object_inside_container_relation_event,width,height,durationS,sizeBytes,sha256,notes
oic_calibration_caliper75mm_cube50mm_001,calibration,1,iphone_top,raw_videos/calibration/oic_calibration_caliper75mm_cube50mm_001__iphone_top.mp4,I-Calibration-caliper75mm-cube-3x3x3cm.mp4,calibration,,,1920,1080,23.056,45426916,48fa12b58d0fc44f4861eddd236831bf217a794868e58ecbc5139ba9d6f74e7b,Original filename mentioned cube-3x3x3cm; capture notes state actual cube is 5x5x5 cm and cube tags are 35 mm IDs 2/3. | Top view is expected to preserve cube top tag visibility unless explicitly obstructed.
oic_calibration_caliper75mm_cube50mm_001,calibration,1,sony_front,raw_videos/calibration/oic_calibration_caliper75mm_cube50mm_001__sony_front.mp4,S-Calibration-caliper75mm-cube-3x3x3cm.mp4,calibration,,,3840,2160,23.056,172236024,704e920ee8f8fd59cf387cc1f126e29a5177bdec28d0fd792ca33752df4774c5,Original filename mentioned cube-3x3x3cm; capture notes state actual cube is 5x5x5 cm and cube tags are 35 mm IDs 2/3.
oic_control_born_inside_001,control_born_inside,1,iphone_top,raw_videos/control_born_inside/oic_control_born_inside_001__iphone_top.mp4,others/I-already-inside.mp4,born_inside,PASS,FAIL,1920,1080,12.98,25621629,3e5414fc2c0e173f7c848e0de6d77e70dc590764f5cdb7115f38c0a6da6a7eea,Top view is expected to preserve cube top tag visibility unless explicitly obstructed.
oic_control_born_inside_001,control_born_inside,1,sony_front,raw_videos/control_born_inside/oic_control_born_inside_001__sony_front.mp4,others/S-already-inside.mp4,born_inside,PASS,FAIL,3840,2160,12.98,89571642,da5bad22890b93bfe2c7449bc9186f540ca2a6116f5484d0e87b212fd0f1e866,
oic_control_born_inside_002,control_born_inside,2,iphone_top,raw_videos/control_born_inside/oic_control_born_inside_002__iphone_top.mp4,others/I-Already-Inside-2.mp4,born_inside,PASS,FAIL,1920,1080,13.013,25547015,e721b382ed77c66ff4c6004b67fc8a31fecc98a8e993697ddf3c0a939cb555eb,Top view is expected to preserve cube top tag visibility unless explicitly obstructed.
oic_control_born_inside_002,control_born_inside,2,sony_front,raw_videos/control_born_inside/oic_control_born_inside_002__sony_front.mp4,others/S-Already-Inside-2.mp4,born_inside,PASS,FAIL,3840,2160,13.013,89940352,eec5e541ef2be81448391e39db763db0b71e39b522e94a0be41572aef785ea4f,
oic_control_born_inside_hand_motion_001,control_born_inside_hand_motion,1,iphone_top,raw_videos/control_born_inside_hand_motion/oic_control_born_inside_hand_motion_001__iphone_top.mp4,others/I-Already-Inside-and-hand-movement.mp4,born_inside_with_hand_motion,PASS,FAIL,1920,1080,20.554,39989172,1415d2782d1438de4d8f49207d1f7273771e5a2c6a2861939a8910b9cf29be63,Top view is expected to preserve cube top tag visibility unless explicitly obstructed.
oic_control_born_inside_hand_motion_001,control_born_inside_hand_motion,1,sony_front,raw_videos/control_born_inside_hand_motion/oic_control_born_inside_hand_motion_001__sony_front.mp4,others/S-Already-Inside-and-hand-movement.mp4,born_inside_with_hand_motion,PASS,FAIL,3840,2160,20.554,151632736,deb2fe312a35a65d450e24eb0797dd7b4b29ef3e47dc1a7f235cac8b3ba5fb05,
oic_control_born_inside_hand_motion_002,control_born_inside_hand_motion,2,iphone_top,raw_videos/control_born_inside_hand_motion/oic_control_born_inside_hand_motion_002__iphone_top.mp4,others/I-Already-Inside-and-hand-movement-2.mp4,born_inside_with_hand_motion,PASS,FAIL,1920,1080,10.611,20753024,c0f8d6773737134d98f021ff663b71cab87503bc0a3fa992fdb26b6492f70373,Top view is expected to preserve cube top tag visibility unless explicitly obstructed.
oic_control_born_inside_hand_motion_002,control_born_inside_hand_motion,2,sony_front,raw_videos/control_born_inside_hand_motion/oic_control_born_inside_hand_motion_002__sony_front.mp4,others/S-Already-Inside-and-hand-movement-2.mp4,born_inside_with_hand_motion,PASS,FAIL,3840,2160,10.611,70297719,ad5ebc20ce45d9c2198deed157cb02dd8cad1d80de42fd872adab6b32a335fa5,
oic_control_inside_to_inside_001,control_inside_to_inside,1,iphone_top,raw_videos/control_inside_to_inside/oic_control_inside_to_inside_001__iphone_top.mp4,others/I-Inside-to-inside.mp4,inside_to_inside,PASS,FAIL,1920,1080,13.947,27789199,2cdaba415c808728a49a939c2bb92213e2a96d39d4ac1fb6931130695d95f221,Top view is expected to preserve cube top tag visibility unless explicitly obstructed.
oic_control_inside_to_inside_001,control_inside_to_inside,1,sony_front,raw_videos/control_inside_to_inside/oic_control_inside_to_inside_001__sony_front.mp4,others/S-Inside-to-inside.mp4,inside_to_inside,PASS,FAIL,3840,2160,13.947,97588518,f3fb1de3a20401e286a5f21024687a3611cb520678852955b8e13b97319899c3,
oic_control_inside_to_outside_001,control_inside_to_outside,1,iphone_top,raw_videos/control_inside_to_outside/oic_control_inside_to_outside_001__iphone_top.mp4,others/I-Inside-to-outside.mp4,inside_to_outside,FAIL,FAIL,1920,1080,8.742,17421432,704cbe469d0d42191caaf8aaf142acd9a40d22791fea48584184f98d7684c0ab,Top view is expected to preserve cube top tag visibility unless explicitly obstructed.
oic_control_inside_to_outside_001,control_inside_to_outside,1,sony_front,raw_videos/control_inside_to_outside/oic_control_inside_to_outside_001__sony_front.mp4,others/S-Inside-to-outside.mp4,inside_to_outside,FAIL,FAIL,3840,2160,8.742,55390633,278772a7034016346acc953953b377e795db02221d3381759e2ca5563e387e5f,
oic_control_inside_to_outside_002,control_inside_to_outside,2,iphone_top,raw_videos/control_inside_to_outside/oic_control_inside_to_outside_002__iphone_top.mp4,others/I-Inside-to-outside-2_1.mp4,inside_to_outside,FAIL,FAIL,1920,1080,7.541,14772988,a871d44e82cdfe4cb496634a0c3d0d9c7653532d3cf89cc83cc496d6673f73a0,Top view is expected to preserve cube top tag visibility unless explicitly obstructed.
oic_control_inside_to_outside_002,control_inside_to_outside,2,sony_front,raw_videos/control_inside_to_outside/oic_control_inside_to_outside_002__sony_front.mp4,others/S-Inside-to-outside-2.mp4,inside_to_outside,FAIL,FAIL,3840,2160,7.541,45108837,0eb0c6b606cf34d19f6f7b4a3d89118c782f9a569fac3e694c0de34d6c074832,
oic_control_static_001,control_static,1,iphone_top,raw_videos/control_static/oic_control_static_001__iphone_top.mp4,static/I-Static.mp4,static_no_task,FAIL,FAIL,1920,1080,12.546,24906924,db5c86b9c137c6275f97a696b1fc56386bb7583153d6f2ed72fa36905feeca48,Top view is expected to preserve cube top tag visibility unless explicitly obstructed.
oic_control_static_001,control_static,1,sony_front,raw_videos/control_static/oic_control_static_001__sony_front.mp4,static/S-Static.mp4,static_no_task,FAIL,FAIL,3840,2160,12.546,86042964,96c24bac41cb436b87cb8f7ad0f2117fa2bd5a8a18d9669349cb8fa4ed201552,
oic_fail_near_not_inside_001,fail_near_not_inside,1,iphone_top,raw_videos/fail_near_not_inside/oic_fail_near_not_inside_001__iphone_top.mp4,fail-close/iphone/I-Close1.mp4,near_not_inside,FAIL,FAIL,1920,1080,23.69,46288189,56530b2c1495455630209715f8fc1e6ae9b69923d8dbca67c75695685fc43d9a,Top view is expected to preserve cube top tag visibility unless explicitly obstructed.
oic_fail_near_not_inside_001,fail_near_not_inside,1,sony_front,raw_videos/fail_near_not_inside/oic_fail_near_not_inside_001__sony_front.mp4,fail-close/sony/S-Close1.mp4,near_not_inside,FAIL,FAIL,3840,2160,23.69,176988611,c8f6edeca9d7799d26e94d2376b47c2f90aa159f53c539065096be6df0c1144c,
oic_fail_near_not_inside_002,fail_near_not_inside,2,iphone_top,raw_videos/fail_near_not_inside/oic_fail_near_not_inside_002__iphone_top.mp4,fail-close/iphone/I-Close2.mp4,near_not_inside,FAIL,FAIL,1920,1080,12.212,24392537,4c67616b45641e7d8aabb0f16a0f044080a12d742c3a7036ddf00eedcf83c54e,Top view is expected to preserve cube top tag visibility unless explicitly obstructed.
oic_fail_near_not_inside_002,fail_near_not_inside,2,sony_front,raw_videos/fail_near_not_inside/oic_fail_near_not_inside_002__sony_front.mp4,fail-close/sony/S-Close2.mp4,near_not_inside,FAIL,FAIL,3840,2160,12.212,83687657,13c6406cace6b910db2d8d185f881643bb60a7ce49065eb2c57e5662a04924e2,
oic_fail_near_not_inside_003,fail_near_not_inside,3,iphone_top,raw_videos/fail_near_not_inside/oic_fail_near_not_inside_003__iphone_top.mp4,fail-close/iphone/I-Close3.mp4,near_not_inside,FAIL,FAIL,1920,1080,14.214,28098744,86483b960c68eebabb76fc5bb5421954ff3efd98ac4b9543d0857286172a7509,Top view is expected to preserve cube top tag visibility unless explicitly obstructed.
oic_fail_near_not_inside_003,fail_near_not_inside,3,sony_front,raw_videos/fail_near_not_inside/oic_fail_near_not_inside_003__sony_front.mp4,fail-close/sony/S-Close3.mp4,near_not_inside,FAIL,FAIL,3840,2160,14.214,99551733,45d7893e6c7c8d577ae2dfadec1cab066ce8a903a09efa14162a5a1d96a71cc0,
oic_fail_near_not_inside_004,fail_near_not_inside,4,iphone_top,raw_videos/fail_near_not_inside/oic_fail_near_not_inside_004__iphone_top.mp4,fail-close/iphone/I-Close4.mp4,near_not_inside,FAIL,FAIL,1920,1080,23.156,45545064,5c45b859589e6720f03c23ad60ed5be20b16920ab8a2824cdb332eb9726aff38,Top view is expected to preserve cube top tag visibility unless explicitly obstructed.
oic_fail_near_not_inside_004,fail_near_not_inside,4,sony_front,raw_videos/fail_near_not_inside/oic_fail_near_not_inside_004__sony_front.mp4,fail-close/sony/S-Close4.mp4,near_not_inside,FAIL,FAIL,3840,2160,23.156,173375080,22edba1af1d622fc08ceeda2c35c605f04ef8b55cb7c32f84d83535fb8cc172f,
oic_fail_on_rim_001,fail_on_rim,1,iphone_top,raw_videos/fail_on_rim/oic_fail_on_rim_001__iphone_top.mp4,fail-on-top-edge/iphone/I-Ontop1.mp4,left_on_rim,FAIL,FAIL,1920,1080,12.679,24997215,217b77f0ef684dcaa0cd38a7b09a71f0a37e11bc552f0cc49eb6c5b246cdc470,Top view is expected to preserve cube top tag visibility unless explicitly obstructed.
oic_fail_on_rim_001,fail_on_rim,1,sony_front,raw_videos/fail_on_rim/oic_fail_on_rim_001__sony_front.mp4,fail-on-top-edge/sony/S-Ontop1.mp4,left_on_rim,FAIL,FAIL,3840,2160,12.679,87392723,41de50db25edcfc20032e9cd9a33cda608eb565f59628fe9f2e6f4dc39779081,
oic_fail_on_rim_002,fail_on_rim,2,iphone_top,raw_videos/fail_on_rim/oic_fail_on_rim_002__iphone_top.mp4,fail-on-top-edge/iphone/I-Ontop2.mp4,left_on_rim,FAIL,FAIL,1920,1080,12.713,24892504,4bbea257d19977b43316b8abb18d513a588eccc8cf92ac1cee39866726b7bb89,Top view is expected to preserve cube top tag visibility unless explicitly obstructed.
oic_fail_on_rim_002,fail_on_rim,2,sony_front,raw_videos/fail_on_rim/oic_fail_on_rim_002__sony_front.mp4,fail-on-top-edge/sony/S-Ontop2.mp4,left_on_rim,FAIL,FAIL,3840,2160,12.713,87377277,2f791fd533ed167ace2696ff01ca1da3a40a54811b8cba36100091f6117892ea,
oic_fail_on_rim_003,fail_on_rim,3,iphone_top,raw_videos/fail_on_rim/oic_fail_on_rim_003__iphone_top.mp4,fail-on-top-edge/iphone/I-Ontop3.mp4,left_on_rim,FAIL,FAIL,1920,1080,10.944,21492111,01e70cdcc7792a42675dae70117251bc84e924d593ec0bbbd0b87b43271c196b,Top view is expected to preserve cube top tag visibility unless explicitly obstructed.
oic_fail_on_rim_003,fail_on_rim,3,sony_front,raw_videos/fail_on_rim/oic_fail_on_rim_003__sony_front.mp4,fail-on-top-edge/sony/S-Ontop3.mp4,left_on_rim,FAIL,FAIL,3840,2160,10.944,72981005,46bece4d0b7d773b808830f4d6fd6a7f28718f2fe70620d65d2d4b117b6a6cc4,
oic_fail_outside_001,fail_outside,1,iphone_top,raw_videos/fail_outside/oic_fail_outside_001__iphone_top.mp4,fail/I-Fail-1.mp4,dropped_or_left_outside,FAIL,FAIL,1920,1080,14.414,28360199,ca95d8c21525142f137fc20e114eb41311775a5594f71b38e35a4d632734ebfa,Top view is expected to preserve cube top tag visibility unless explicitly obstructed.
oic_fail_outside_001,fail_outside,1,sony_front,raw_videos/fail_outside/oic_fail_outside_001__sony_front.mp4,fail/S-Fail-1.mp4,dropped_or_left_outside,FAIL,FAIL,3840,2160,14.414,101238589,e382313ade70d15eb16d1bafabe44a0cf5e56cb218e744cee0950a2b7f1a8fe6,
oic_fail_outside_002,fail_outside,2,iphone_top,raw_videos/fail_outside/oic_fail_outside_002__iphone_top.mp4,fail/I-Fail-2.mp4,dropped_or_left_outside,FAIL,FAIL,1920,1080,15.582,30513103,38980f829c51a40fc3d168fbbe7a34552fb5eaf375ba4500ae37395717089873,Top view is expected to preserve cube top tag visibility unless explicitly obstructed.
oic_fail_outside_002,fail_outside,2,sony_front,raw_videos/fail_outside/oic_fail_outside_002__sony_front.mp4,fail/S-Fail-2.mp4,dropped_or_left_outside,FAIL,FAIL,3840,2160,15.582,111312681,61e741f7be44fafd051ebcad3a2fd2e31897f823b6898949989cf0be8194f26e,
oic_fail_outside_003,fail_outside,3,iphone_top,raw_videos/fail_outside/oic_fail_outside_003__iphone_top.mp4,fail/I-Fail-3.mp4,dropped_or_left_outside,FAIL,FAIL,1920,1080,13.881,27395224,112b74d259576c553aec014b513e38769205c9e744598e53dacbdefa17d53773,Top view is expected to preserve cube top tag visibility unless explicitly obstructed.
oic_fail_outside_003,fail_outside,3,sony_front,raw_videos/fail_outside/oic_fail_outside_003__sony_front.mp4,fail/S-Fail-3.mp4,dropped_or_left_outside,FAIL,FAIL,3840,2160,13.881,96888222,67e1f79badec5dc5729b5e3608c1293a20cb1a2056a277b464038ec226670efe,
oic_fail_outside_004,fail_outside,4,iphone_top,raw_videos/fail_outside/oic_fail_outside_004__iphone_top.mp4,fail/I-Fail-4.mp4,dropped_or_left_outside,FAIL,FAIL,1920,1080,18.552,36192726,6423a23e5bd9dc5bd3db686377dfbff2535a68f6acdd6195cccafda63c3ca1d5,Top view is expected to preserve cube top tag visibility unless explicitly obstructed.
oic_fail_outside_004,fail_outside,4,sony_front,raw_videos/fail_outside/oic_fail_outside_004__sony_front.mp4,fail/S-Fail-4.mp4,dropped_or_left_outside,FAIL,FAIL,3840,2160,18.552,135089988,09eb8e7ec49b2038114dfd01843957aab600f4e4a6aafbbc7590b0121d950545,
oic_fail_outside_005,fail_outside,5,iphone_top,raw_videos/fail_outside/oic_fail_outside_005__iphone_top.mp4,fail/I-Fail-5.mp4,dropped_or_left_outside,FAIL,FAIL,1920,1080,17.784,34994546,7ff2eb40657c476451b95d57fa190da65ebd13efc78e629b61294c2dc6a4a1be,Top view is expected to preserve cube top tag visibility unless explicitly obstructed.
oic_fail_outside_005,fail_outside,5,sony_front,raw_videos/fail_outside/oic_fail_outside_005__sony_front.mp4,fail/S-Fail-5.mp4,dropped_or_left_outside,FAIL,FAIL,3840,2160,17.784,129187173,3ff4386f9298489edd8f570dfaa1af97e3f70b94d961d2c3197fd5c9caf89aad,
oic_success_001,success,1,iphone_top,raw_videos/success/oic_success_001__iphone_top.mp4,success/iphone/I-S1.mp4,success,PASS,PASS,1920,1080,19.253,38941629,720496df9d536839d2dafa6263803d769fe529ec4cb1dc1c2a4206bbfe57bcc4,Top view is expected to preserve cube top tag visibility unless explicitly obstructed.
oic_success_001,success,1,sony_front,raw_videos/success/oic_success_001__sony_front.mp4,success/sony/S-S1.mp4,success,PASS,PASS,3840,2160,19.253,136269502,21ce724658613b855a5bb36e266a87e4739023eac9c11cd06a78a0484fd43ff0,Sony front view may lose cube-front marker at terminal state; prefer top marker ID 2 when visible.
oic_success_002,success,2,iphone_top,raw_videos/success/oic_success_002__iphone_top.mp4,success/iphone/I-S2.mp4,success,PASS,PASS,1920,1080,13.48,27550296,190929cfb0ec626f75f4f03c55205b1acad24d8aecf4e01c4b341e2b7f66126e,Top view is expected to preserve cube top tag visibility unless explicitly obstructed.
oic_success_002,success,2,sony_front,raw_videos/success/oic_success_002__sony_front.mp4,success/sony/S-S2.mp4,success,PASS,PASS,3840,2160,13.48,91251058,f2d8d44b81ae8ece9df2fd627c63ea4ad2460e4672cfc1b6ed14013a3713632a,Sony front view may lose cube-front marker at terminal state; prefer top marker ID 2 when visible.
oic_success_003,success,3,iphone_top,raw_videos/success/oic_success_003__iphone_top.mp4,success/iphone/I-S3.mp4,success,PASS,PASS,1920,1080,20.454,40877918,c0847c1712c9eb6e80f8968f4c3da4bcf05b5ec4a257c00e092e1c4791b8b6cd,Top view is expected to preserve cube top tag visibility unless explicitly obstructed.
oic_success_003,success,3,sony_front,raw_videos/success/oic_success_003__sony_front.mp4,success/sony/S-S3.mp4,success,PASS,PASS,3840,2160,20.454,145327093,684214cbc8b2dc27905655f0831ff44452b631b3b833a9fbfb37a61c3769c7a3,Sony front view may lose cube-front marker at terminal state; prefer top marker ID 2 when visible.
oic_success_004,success,4,iphone_top,raw_videos/success/oic_success_004__iphone_top.mp4,success/iphone/I-S4.mp4,success,PASS,PASS,1920,1080,15.682,31886813,54f67fde936f423bad25006b5c08c570e84de7c55ed032fefcd4e896d24f9044,Sony front cube tag approximately 20% visible at terminal frame; partly covered by tray. | Top view is expected to preserve cube top tag visibility unless explicitly obstructed.
oic_success_004,success,4,sony_front,raw_videos/success/oic_success_004__sony_front.mp4,success/sony/S-S4.mp4,success,PASS,PASS,3840,2160,15.682,107993918,955d1f55a3f92a31d97e3233aa194727674ea2e2a8f1e8aeb9d3a36573db4576,Sony front cube tag approximately 20% visible at terminal frame; partly covered by tray. | Sony front view may lose cube-front marker at terminal state; prefer top marker ID 2 when visible.
oic_success_005,success,5,iphone_top,raw_videos/success/oic_success_005__iphone_top.mp4,success/iphone/I-S5.mp4,success,PASS,PASS,1920,1080,14.715,29578844,12c6bd9e53512146401e98bf306109adf6e865307e9dc0a45ee771d8792410ef,Sony front cube tag approximately 80% visible at terminal frame; partly covered by tray. | Top view is expected to preserve cube top tag visibility unless explicitly obstructed.
oic_success_005,success,5,sony_front,raw_videos/success/oic_success_005__sony_front.mp4,success/sony/S-S5.mp4,success,PASS,PASS,3840,2160,14.715,100212009,b5d5c8caf7052e58748b01fd367a7dd50646a63af480a5f0acbd6e07dd98177c,Sony front cube tag approximately 80% visible at terminal frame; partly covered by tray. | Sony front view may lose cube-front marker at terminal state; prefer top marker ID 2 when visible.
oic_success_006,success,6,iphone_top,raw_videos/success/oic_success_006__iphone_top.mp4,success/iphone/I-S6.mp4,success,PASS,PASS,1920,1080,17.951,36117306,646e95b0b14789b40ce2b3a9ba848d75e3fb75a21b662c4fd48565de107d905b,Top view is expected to preserve cube top tag visibility unless explicitly obstructed.
oic_success_006,success,6,sony_front,raw_videos/success/oic_success_006__sony_front.mp4,success/sony/S-S6.mp4,success,PASS,PASS,3840,2160,17.951,125451279,51af9940ba286f69446eb91e71e39d280b0ab6a1f29b2fb015e802f18acb7118,Sony front view may lose cube-front marker at terminal state; prefer top marker ID 2 when visible.
oic_success_007,success,7,iphone_top,raw_videos/success/oic_success_007__iphone_top.mp4,success/iphone/I-S7.mp4,success,PASS,PASS,1920,1080,16.95,34046536,3893db4768e1a5be26a29d3098c36f6dd6db74065823f5aca3f7b470ec0ec7a5,Sony front cube tag approximately 35% visible at terminal frame; partly covered by tray. | Top view is expected to preserve cube top tag visibility unless explicitly obstructed.
oic_success_007,success,7,sony_front,raw_videos/success/oic_success_007__sony_front.mp4,success/sony/S-S7.mp4,success,PASS,PASS,3840,2160,16.95,117620754,de0368e428fa8ab550f0d0a65d0daccd86d78b547fef23b710e898b846b53fac,Sony front cube tag approximately 35% visible at terminal frame; partly covered by tray. | Sony front view may lose cube-front marker at terminal state; prefer top marker ID 2 when visible.
oic_success_008,success,8,iphone_top,raw_videos/success/oic_success_008__iphone_top.mp4,success/iphone/I-S8.mp4,success,PASS,PASS,1920,1080,17.684,35776769,d6d39138b24e1a9f17e6ddb8354b2c7584bbb9619f9c7c3ecc18444f3e9814a0,Top view is expected to preserve cube top tag visibility unless explicitly obstructed.
oic_success_008,success,8,sony_front,raw_videos/success/oic_success_008__sony_front.mp4,success/sony/S-S8.mp4,success,PASS,PASS,3840,2160,17.684,123561614,110cccc46675588bdcdfb36f5fbfbab72e0b57a7510fa5e365bc459e4481fbbf,Sony front view may lose cube-front marker at terminal state; prefer top marker ID 2 when visible.
oic_success_009,success,9,iphone_top,raw_videos/success/oic_success_009__iphone_top.mp4,success/iphone/I-S9.mp4,success,PASS,PASS,1920,1080,13.447,27604591,1e67166edb11f58e22455eb29e8aed31c21a1d35442b4d37b728261d570d972d,Top view is expected to preserve cube top tag visibility unless explicitly obstructed.
oic_success_009,success,9,sony_front,raw_videos/success/oic_success_009__sony_front.mp4,success/sony/S-S9.mp4,success,PASS,PASS,3840,2160,13.447,90862386,4df2d60a946f809f60b765e0d6618da73f023da4741c407068f95b1cc197ddf7,Sony front view may lose cube-front marker at terminal state; prefer top marker ID 2 when visible.
oic_success_010,success,10,iphone_top,raw_videos/success/oic_success_010__iphone_top.mp4,success/iphone/I-S10.mp4,success,PASS,PASS,1920,1080,14.448,29182478,4f24995724eb774eee5319aa43fe68ebc6f217a59baa8f5c94780c2a0959910d,Top view is expected to preserve cube top tag visibility unless explicitly obstructed.
oic_success_010,success,10,sony_front,raw_videos/success/oic_success_010__sony_front.mp4,success/sony/S-S10.mp4,success,PASS,PASS,3840,2160,14.448,98158085,7f646a565817dd0b71621531648f735a2fe5507e684b0487686caad40cbe5612,Sony front view may lose cube-front marker at terminal state; prefer top marker ID 2 when visible.
oic_success_011,success,11,iphone_top,raw_videos/success/oic_success_011__iphone_top.mp4,success/iphone/I-S11.mp4,success,PASS,PASS,1920,1080,12.713,25690635,5c160f5856737ce723bfd81136650c1d27b0b48ab280b7a7a3db44530f276b72,Top view is expected to preserve cube top tag visibility unless explicitly obstructed.
oic_success_011,success,11,sony_front,raw_videos/success/oic_success_011__sony_front.mp4,success/sony/S-S11.mp4,success,PASS,PASS,3840,2160,12.713,84412601,6461de15431a2d5fa2e18aa3a065db473c18475ba7e576d0e96b82249c7d3a3c,Sony front view may lose cube-front marker at terminal state; prefer top marker ID 2 when visible.
oic_success_012,success,12,iphone_top,raw_videos/success/oic_success_012__iphone_top.mp4,success/iphone/I-S12.mp4,success,PASS,PASS,1920,1080,11.979,24513044,db4d89787bf1465a499c836918e8d3053b5ca1b6f2d240f902b49d025725415f,Top view is expected to preserve cube top tag visibility unless explicitly obstructed.
oic_success_012,success,12,sony_front,raw_videos/success/oic_success_012__sony_front.mp4,success/sony/S-S12.mp4,success,PASS,PASS,3840,2160,11.979,78402155,07417bff3aba6957b551b21539de4efb6d07bc0bc1fefe88557523438c207e48,Sony front view may lose cube-front marker at terminal state; prefer top marker ID 2 when visible.
oic_success_013,success,13,iphone_top,raw_videos/success/oic_success_013__iphone_top.mp4,success/iphone/I-S13.mp4,success,PASS,PASS,1920,1080,17.684,35604084,6b0d4dacd39fcecc2dc0d41f9deed1decd661f50d9abba0860a83eec0ecee2b5,Sony front cube tag not visible at terminal frame; top cube tag fully visible. | Top view is expected to preserve cube top tag visibility unless explicitly obstructed.
oic_success_013,success,13,sony_front,raw_videos/success/oic_success_013__sony_front.mp4,success/sony/S-S13.mp4,success,PASS,PASS,3840,2160,17.684,123504358,a19ec059f895a24d637a0c7dfb7412d8b745674d766bd807a0c518bc9a3a8e89,Sony front cube tag not visible at terminal frame; top cube tag fully visible. | Sony front view may lose cube-front marker at terminal state; prefer top marker ID 2 when visible.
oic_success_014,success,14,iphone_top,raw_videos/success/oic_success_014__iphone_top.mp4,success/iphone/I-S14.mp4,success,PASS,PASS,1920,1080,15.949,32242706,a2af3d33f46593c97d28ee14de8e30c97337df88ee67e096de15e5ccd148fd47,Top view is expected to preserve cube top tag visibility unless explicitly obstructed.
oic_success_014,success,14,sony_front,raw_videos/success/oic_success_014__sony_front.mp4,success/sony/S-S14.mp4,success,PASS,PASS,3840,2160,15.949,109775567,85cd5e19cb60cb6360f0dbabe6a2469a8f33a41ccfc85ee8e6ae81c5b7788900,Sony front view may lose cube-front marker at terminal state; prefer top marker ID 2 when visible.
oic_success_015,success,15,iphone_top,raw_videos/success/oic_success_015__iphone_top.mp4,success/iphone/I-S15.mp4,success,PASS,PASS,1920,1080,20.687,40280643,da30ec88614ea38d79800166cc37d36d3ac115621721a3370cd79128db71ea69,Both Sony and iPhone views show cube covering the tray/interior tag as it lands on top of it. | Top view is expected to preserve cube top tag visibility unless explicitly obstructed.
oic_success_015,success,15,sony_front,raw_videos/success/oic_success_015__sony_front.mp4,success/sony/S-S15.mp4,success,PASS,PASS,3840,2160,20.687,147130614,3b84d746b7112e58e4f61553ef0c093482f5c9c004edf1d10e58d16d3123e247,Both Sony and iPhone views show cube covering the tray/interior tag as it lands on top of it. | Sony front view may lose cube-front marker at terminal state; prefer top marker ID 2 when visible.
oic_success_016,success,16,iphone_top,raw_videos/success/oic_success_016__iphone_top.mp4,success/iphone/I-S16.mp4,success,PASS,PASS,1920,1080,10.611,21048477,2431a2414698e4b927080fda9f25c9859a00bec3c0f730d36adeca6eda4abee3,Sony front cube tag not visible at terminal frame; top cube tag fully visible. | Top view is expected to preserve cube top tag visibility unless explicitly obstructed.
oic_success_016,success,16,sony_front,raw_videos/success/oic_success_016__sony_front.mp4,success/sony/S-S16.mp4,success,PASS,PASS,3840,2160,10.611,67823027,7f49c5fb5a64c01d75786111b7b531c941ecc3f95c4c2b4c338cfbcb38d10e3e,Sony front cube tag not visible at terminal frame; top cube tag fully visible. | Sony front view may lose cube-front marker at terminal state; prefer top marker ID 2 when visible.
oic_success_hand_obstruction_001,success_hand_obstruction,1,iphone_top,raw_videos/success_hand_obstruction/oic_success_hand_obstruction_001__iphone_top.mp4,sucess-hand-obstruction/I-S-Hand-obstruction-1.mp4,success_hand_obstruction,PASS_OR_UNCERTAIN,PASS_OR_UNCERTAIN,1920,1080,14.581,28427700,e3a98f4518066aece31dbe248b09efefac7cafd4918d45b4cb40aa8e2b638343,Top view is expected to preserve cube top tag visibility unless explicitly obstructed.
oic_success_hand_obstruction_001,success_hand_obstruction,1,sony_front,raw_videos/success_hand_obstruction/oic_success_hand_obstruction_001__sony_front.mp4,sucess-hand-obstruction/S-S-Hand-obstruction-1.mp4,success_hand_obstruction,PASS_OR_UNCERTAIN,PASS_OR_UNCERTAIN,3840,2160,14.581,102795589,43553fce824be6b8511f8c404570e218459fdd507ff798742e8407ec2bf1d795,Sony front view may lose cube-front marker at terminal state; prefer top marker ID 2 when visible.
oic_success_tag_obstruction_001,success_tag_obstruction,1,iphone_top,raw_videos/success_tag_obstruction/oic_success_tag_obstruction_001__iphone_top.mp4,success-rotate-cube-tag-obstruction/I-Success-Rotate-To-Cube-Tag-Obstruction.mp4,success_tag_obstruction,PASS,PASS_OR_UNCERTAIN,1920,1080,17.718,34836674,daa6498a00b7ac55e7043cf04b7360e3591c4913bb667ef9c7768ae0a0822f44,Top view is expected to preserve cube top tag visibility unless explicitly obstructed.
oic_success_tag_obstruction_001,success_tag_obstruction,1,sony_front,raw_videos/success_tag_obstruction/oic_success_tag_obstruction_001__sony_front.mp4,success-rotate-cube-tag-obstruction/S-Success-Rotate-To-Cube-Tag-Obstruction.mp4,success_tag_obstruction,PASS,PASS_OR_UNCERTAIN,3840,2160,17.718,128192775,5f43e16d756bc31bba7755b369766b5f0555df2e04c02f5bcbacc6d5e214a0ba,Sony front view may lose cube-front marker at terminal state; prefer top marker ID 2 when visible.
oic_success_tag_obstruction_002,success_tag_obstruction,2,iphone_top,raw_videos/success_tag_obstruction/oic_success_tag_obstruction_002__iphone_top.mp4,success-rotate-cube-tag-obstruction/I-Success-Rotate-To-Cube-Tag-Obstruction-2.mp4,success_tag_obstruction,PASS,PASS_OR_UNCERTAIN,1920,1080,10.177,20373088,5a0a9c8ee54cdcb3b62f2a81975d6dbdd16a53bb196be20d6e0c562453fa4c6f,Top view is expected to preserve cube top tag visibility unless explicitly obstructed.
oic_success_tag_obstruction_002,success_tag_obstruction,2,sony_front,raw_videos/success_tag_obstruction/oic_success_tag_obstruction_002__sony_front.mp4,success-rotate-cube-tag-obstruction/S-Success-Rotate-To-Cube-Tag-Obstruction-2.mp4,success_tag_obstruction,PASS,PASS_OR_UNCERTAIN,3840,2160,10.177,66785630,6b935b421cd044bf2a382c0409dd73f8fa536af75fa666b1c1ce891c3b8ea8d5,Sony front view may lose cube-front marker at terminal state; prefer top marker ID 2 when visible.
